time,xPol
0.001,0.9999964000092015
0.002,0.9999856001472017
0.003,0.9999676007451925
0.004,0.9999424023551533
0.005,0.9999100057498174
0.006,0.9998704119226492
0.007,0.9998236220878103
0.008,0.9997696376801026
0.009,0.9997084603549188
0.01,0.9996400919881805
0.011,0.9995645346762592
0.012,0.9994817907359044
0.013,0.9993918627041449
0.014,0.9992947533381995
0.015,0.9991904656153616
0.016,0.9990790027328964
0.017,0.9989603681079045
0.018,0.9988345653772012
0.019,0.9987015983971692
0.02,0.9985614712436126
0.021,0.9984141882116009
0.022,0.9982597538152995
0.023,0.9980981727878038
0.024,0.997929450080945
0.025,0.9977535908651101
0.026,0.9975706005290387
0.027,0.9973804846796119
0.028,0.9971832491416399
0.029,0.9969788999576396
0.03,0.9967674433875979
0.031,0.9965488859087308
0.032,0.9963232342152364
0.033,0.9960904952180356
0.034,0.9958506760445023
0.035,0.9956037840381989
0.036,0.9953498267585814
0.037,0.9950888119807166
0.038,0.9948207476949786
0.039,0.9945456421067427
0.04,0.994263503636071
0.041,0.9939743409173829
0.042,0.9936781627991289
0.043,0.993374978343446
0.044,0.99306479682581
0.045,0.992747627734677
0.046,0.9924234807711231
0.047,0.9920923658484657
0.048,0.9917542930918799
0.049,0.9914092728380184
0.05,0.9910573156346063
0.051,0.990698432240035
0.052,0.9903326336229539
0.053,0.9899599309618385
0.054,0.9895803356445738
0.055,0.9891938592680034
0.056,0.988800513637494
0.057,0.9884003107664736
0.058,0.9879932628759712
0.059,0.9875793823941508
0.06,0.9871586819558327
0.061,0.9867311744019971
0.062,0.9862968727793131
0.063,0.9858557903396068
0.064,0.9854079405393876
0.065,0.9849533370392947
0.066,0.9844919937036
0.067,0.9840239245996617
0.068,0.9835491439973881
0.069,0.9830676663686881
0.07,0.9825795063869136
0.071,0.9820846789263022
0.072,0.9815831990614
0.073,0.9810750820664834
0.074,0.980560343414977
0.075,0.9800389987788545
0.076,0.9795110640280416
0.077,0.9789765552298006
0.078,0.978435488648123
0.079,0.9778878807430966
0.08,0.9773337481702802
0.081,0.9767731077800607
0.082,0.9762059766170091
0.083,0.975632371919229
0.084,0.975052311117689
0.085,0.9744658118355617
0.086,0.9738728918875412
0.087,0.973273569279167
0.088,0.9726678622061296
0.089,0.9720557890535774
0.09,0.9714373683954043
0.091,0.9708126189935501
0.092,0.9701815597972692
0.093,0.9695442099424169
0.094,0.9689005887507055
0.095,0.9682507157289744
0.096,0.9675946105684383
0.097,0.966932293143934
0.098,0.9662637835131587
0.099,0.9655891019159079
0.1,0.9649082687732968
0.101,0.9642213046869785
0.102,0.9635282304383594
0.103,0.9628290669878034
0.104,0.9621238354738285
0.105,0.9614125572123051
0.106,0.9606952536956335
0.107,0.9599719465919277
0.108,0.9592426577441893
0.109,0.9585074091694646
0.11,0.9577662230580181
0.111,0.9570191217724704
0.112,0.9562661278469542
0.113,0.9555072639862529
0.114,0.9547425530649305
0.115,0.9539720181264626
0.116,0.9531956823823562
0.117,0.9524135692112645
0.118,0.9516257021580975
0.119,0.9508321049331195
0.12,0.9500328014110528
0.121,0.9492278156301616
0.122,0.9484171717913387
0.123,0.947600894257187
0.124,0.9467790075510834
0.125,0.945951536356254
0.126,0.9451185055148326
0.127,0.9442799400269096
0.128,0.9434358650495891
0.129,0.9425863058960249
0.13,0.9417312880344645
0.131,0.9408708370872736
0.132,0.9400049788299693
0.133,0.9391337391902359
0.134,0.9382571442469396
0.135,0.9373752202291441
0.136,0.9364879935151056
0.137,0.9355954906312767
0.138,0.9346977382513013
0.139,0.9337947631949957
0.14,0.932886592427339
0.141,0.931973253057441
0.142,0.9310547723375271
0.143,0.9301311776618936
0.144,0.9292024965658732
0.145,0.9282687567247939
0.146,0.9273299859529273
0.147,0.9263862122024411
0.148,0.9254374635623313
0.149,0.9244837682573677
0.15,0.9235251546470222
0.151,0.9225616512243968
0.152,0.921593286615144
0.153,0.9206200895763891
0.154,0.9196420889956376
0.155,0.9186593138896878
0.156,0.917671793403534
0.157,0.916679556809264
0.158,0.9156826335049555
0.159,0.9146810530135672
0.16,0.9136748449818204
0.161,0.9126640391790901
0.162,0.9116486654962699
0.163,0.910628753944656
0.164,0.9096043346548116
0.165,0.9085754378754282
0.166,0.9075420939721974
0.167,0.9065043334266525
0.168,0.9054621868350341
0.169,0.9044156849071336
0.17,0.9033648584651369
0.171,0.902309738442466
0.172,0.901250355882619
0.173,0.9001867419380019
0.174,0.8991189278687555
0.175,0.8980469450415869
0.176,0.8969708249285859
0.177,0.8958905991060508
0.178,0.8948062992532966
0.179,0.8937179571514732
0.18,0.8926256046823697
0.181,0.8915292738272217
0.182,0.8904289966655137
0.183,0.8893248053737747
0.184,0.8882167322243784
0.185,0.8871048095843297
0.186,0.8859890699140605
0.187,0.8848695457662107
0.188,0.8837462697844143
0.189,0.8826192747020762
0.19,0.8814885933411541
0.191,0.8803542586109311
0.192,0.879216303506787
0.193,0.8780747611089652
0.194,0.8769296645813451
0.195,0.8757810471701983
0.196,0.8746289422029558
0.197,0.8734733830869645
0.198,0.8723144033082408
0.199,0.8711520364302288
0.2,0.8699863160925491
0.201,0.8688172760097461
0.202,0.8676449499700389
0.203,0.8664693718340617
0.204,0.8652905755336112
0.205,0.864108595070382
0.206,0.8629234645147049
0.207,0.8617352180042888
0.208,0.8605438897429487
0.209,0.8593495139993406
0.21,0.8581521251056923
0.211,0.8569517574565335
0.212,0.8557484455074201
0.213,0.8545422237736583
0.214,0.8533331268290358
0.215,0.8521211893045366
0.216,0.8509064458870631
0.217,0.8496889313181576
0.218,0.8484686803927195
0.219,0.8472457279577209
0.22,0.8460201089109212
0.221,0.8447918581995825
0.222,0.8435610108191827
0.223,0.8423276018121241
0.224,0.8410916662664474
0.225,0.8398532393145405
0.226,0.8386123561318446
0.227,0.8373690519355652
0.228,0.8361233619833753
0.229,0.8348753215721265
0.23,0.8336249660365458
0.231,0.8323723307479483
0.232,0.8311174511129403
0.233,0.8298603625721136
0.234,0.8286011005987615
0.235,0.8273397006975702
0.236,0.8260761984033244
0.237,0.8248106292796122
0.238,0.823543028917517
0.239,0.8222734329343324
0.24,0.8210018769722452
0.241,0.8197283966970526
0.242,0.8184530277968525
0.243,0.8171758059807441
0.244,0.8158967669775334
0.245,0.814615946534429
0.246,0.813333380415746
0.247,0.812049104401602
0.248,0.810763154286622
0.249,0.8094755658786391
0.25,0.8081863749973914
0.251,0.806895617473233
0.252,0.805603329145826
0.253,0.804309545862848
0.254,0.8030143034786982
0.255,0.801717637853195
0.256,0.8004195848502851
0.257,0.7991201803367489
0.258,0.7978194601809017
0.259,0.7965174602513069
0.26,0.7952142164154781
0.261,0.7939097645385914
0.262,0.7926041404821926
0.263,0.7912973801029112
0.264,0.7899895192511639
0.265,0.7886805937698824
0.266,0.7873706394932078
0.267,0.7860596922452234
0.268,0.7847477878386594
0.269,0.7834349620736185
0.27,0.7821212507362891
0.271,0.78080668959767
0.272,0.77949131441229
0.273,0.7781751609169345
0.274,0.7768582648293674
0.275,0.7755406618470613
0.276,0.7742223876459224
0.277,0.7729034778790274
0.278,0.7715839681753471
0.279,0.7702638941384876
0.28,0.7689432913454227
0.281,0.7676221953452326
0.282,0.7663006416578483
0.283,0.7649786657727837
0.284,0.7636563031478909
0.285,0.7623335892080989
0.286,0.7610105593441656
0.287,0.7596872489114295
0.288,0.7583636932285598
0.289,0.757039927576315
0.29,0.7557159871962976
0.291,0.7543919072897198
0.292,0.7530677230161613
0.293,0.751743469492339
0.294,0.7504191817908719
0.295,0.7490948949390533
0.296,0.7477706439176292
0.297,0.7464464636595634
0.298,0.7451223890488297
0.299,0.743798454919185
0.3,0.7424746960529578
0.301,0.7411511471798387
0.302,0.7398278429756661
0.303,0.7385048180612244
0.304,0.7371821070010396
0.305,0.7358597443021813
0.306,0.7345377644130633
0.307,0.7332162017222554
0.308,0.7318950905572889
0.309,0.730574465183473
0.31,0.7292543598027119
0.311,0.7279348085523224
0.312,0.7266158455038643
0.313,0.7252975046619576
0.314,0.7239798199631249
0.315,0.7226628252746216
0.316,0.7213465543932696
0.317,0.7200310410443076
0.318,0.7187163188802324
0.319,0.7174024214796499
0.32,0.7160893823461298
0.321,0.71477723490706
0.322,0.7134660125125146
0.323,0.7121557484341108
0.324,0.7108464758638879
0.325,0.7095382279131732
0.326,0.7082310376114644
0.327,0.7069249379053131
0.328,0.7056199616572054
0.329,0.7043161416444585
0.33,0.7030135105581115
0.331,0.7017121010018268
0.332,0.7004119454907949
0.333,0.6991130764506406
0.334,0.6978155262163357
0.335,0.6965193270311187
0.336,0.6952245110454123
0.337,0.6939311103157564
0.338,0.6926391568037313
0.339,0.691348682374901
0.34,0.6900597187977472
0.341,0.6887722977426225
0.342,0.6874864507806896
0.343,0.6862022093828897
0.344,0.6849196049188904
0.345,0.6836386686560583
0.346,0.6823594317584258
0.347,0.6810819252856671
0.348,0.679806180192079
0.349,0.6785322273255622
0.35,0.6772600974266166
0.351,0.6759898211273339
0.352,0.6747214289503985
0.353,0.6734549513080961
0.354,0.6721904185013203
0.355,0.6709278607185922
0.356,0.6696673080350846
0.357,0.6684087904116436
0.358,0.6671523376938269
0.359,0.6658979796109383
0.36,0.6646457457750754
0.361,0.6633956656801754
0.362,0.6621477687010733
0.363,0.660902084092557
0.364,0.6596586409884437
0.365,0.658417468400643
0.366,0.6571785952182352
0.367,0.6559420502065612
0.368,0.6547078620063066
0.369,0.6534760591325992
0.37,0.6522466699741072
0.371,0.6510197227921501
0.372,0.6497952457198108
0.373,0.6485732667610503
0.374,0.6473538137898396
0.375,0.6461369145492842
0.376,0.6449225966507661
0.377,0.6437108875730837
0.378,0.6425018146616034
0.379,0.6412954051274119
0.38,0.6400916860464823
0.381,0.638890684358838
0.382,0.6376924268677293
0.383,0.6364969402388139
0.384,0.6353042509993401
0.385,0.6341143855373454
0.386,0.6329273701008513
0.387,0.6317432307970725
0.388,0.6305619935916276
0.389,0.6293836843077569
0.39,0.6282083286255501
0.391,0.6270359520811761
0.392,0.6258665800661235
0.393,0.6247002378264443
0.394,0.6235369504620012
0.395,0.6223767429257359
0.396,0.6212196400229236
0.397,0.6200656664104507
0.398,0.61891484659609
0.399,0.6177672049377869
0.4,0.6166227656429517
0.401,0.615481552767755
0.402,0.614343590216438
0.403,0.6132089017406188
0.404,0.6120775109386152
0.405,0.6109494412547707
0.406,0.6098247159787831
0.407,0.608703358245049
0.408,0.6075853910320081
0.409,0.606470837161496
0.41,0.6053597192981048
0.411,0.6042520599485544
0.412,0.60314788146106
0.413,0.60204720602472
0.414,0.6009500556689016
0.415,0.5998564522626358
0.416,0.5987664175140239
0.417,0.5976799729696425
0.418,0.5965971400139645
0.419,0.5955179398687832
0.42,0.594442393592638
0.421,0.593370522080263
0.422,0.592302346062024
0.423,0.5912378861033747
0.424,0.5901771626043192
0.425,0.5891201957988756
0.426,0.5880670057545543
0.427,0.5870176123718385
0.428,0.5859720353836733
0.429,0.5849302943549642
0.43,0.5838924086820789
0.431,0.5828583975923615
0.432,0.5818282801436487
0.433,0.580802075223799
0.434,0.5797798015502245
0.435,0.5787614776694306
0.436,0.5777471219565693
0.437,0.5767367526149891
0.438,0.5757303876758043
0.439,0.5747280449974614
0.44,0.5737297422653196
0.441,0.5727354969912362
0.442,0.5717453265131596
0.443,0.5707592479947317
0.444,0.5697772784248948
0.445,0.568799434617507
0.446,0.567825733210968
0.447,0.5668561906678475
0.448,0.5658908232745248
0.449,0.5649296471408363
0.45,0.5639726781997261
0.451,0.5630199322069116
0.452,0.562071424740548
0.453,0.5611271712009067
0.454,0.5601871868100616
0.455,0.5592514866115742
0.456,0.5583200854702016
0.457,0.557392998071597
0.458,0.5564702389220266
0.459,0.5555518223480915
0.46,0.5546377624964578
0.461,0.553728073333593
0.462,0.5528227686455112
0.463,0.5519218620375289
0.464,0.5510253669340215
0.465,0.5501332965781929
0.466,0.5492456640318502
0.467,0.5483624821751902
0.468,0.547483763706586
0.469,0.5466095211423891
0.47,0.5457397668167348
0.471,0.5448745128813554
0.472,0.5440137713054034
0.473,0.5431575538752784
0.474,0.5423058721944659
0.475,0.5414587376833837
0.476,0.5406161615792313
0.477,0.5397781549358487
0.478,0.5389447286235907
0.479,0.5381158933291932
0.48,0.5372916595556649
0.481,0.536472037622171
0.482,0.5356570376639354
0.483,0.5348466696321459
0.484,0.5340409432938679
0.485,0.5332398682319646
0.486,0.5324434538450251
0.487,0.5316517093473068
0.488,0.5308646437686693
0.489,0.5300822659545379
0.49,0.5293045845658526
0.491,0.5285316080790412
0.492,0.5277633447859941
0.493,0.5269998027940406
0.494,0.5262409900259466
0.495,0.5254869142199061
0.496,0.52473758292955
0.497,0.5239930035239534
0.498,0.5232531831876632
0.499,0.5225181289207199
0.5,0.5217878475386938
0.501,0.5210623456727312
0.502,0.5203416297695981
0.503,0.519625706091744
0.504,0.5189145807173653
0.505,0.5182082595404769
0.506,0.5175067482709943
0.507,0.5168100524348189
0.508,0.5161181773739356
0.509,0.5154311282465143
0.51,0.5147489100270193
0.511,0.514071527506329
0.512,0.513398985291859
0.513,0.5127312878076924
0.514,0.5120684392947263
0.515,0.5114104438108102
0.516,0.5107573052309071
0.517,0.5101090272472528
0.518,0.5094656133695241
0.519,0.5088270669250158
0.52,0.5081933910588257
0.521,0.507564588734045
0.522,0.5069406627319539
0.523,0.5063216156522318
0.524,0.5057074499131666
0.525,0.5050981677518751
0.526,0.5044937712245319
0.527,0.503894262206601
0.528,0.5032996423930806
0.529,0.5027099132987478
0.53,0.5021250762584182
0.531,0.5015451324272073
0.532,0.5009700827807977
0.533,0.5003999281157212
0.534,0.49983466904963986
0.535,0.4992743060216368
0.536,0.4987188392925163
0.537,0.4981682689451069
0.538,0.49762259488457444
0.539,0.4970818168387411
0.54,0.4965459343584113
0.541,0.49601494681770375
0.542,0.4954888534143933
0.543,0.494967653170256
0.544,0.4944513449314216
0.545,0.4939399273687359
0.546,0.49343339897812544
0.547,0.49293175808097467
0.548,0.49243500282450364
0.549,0.49194313118215593
0.55,0.49145614095399354
0.551,0.49097402976709525
0.552,0.4904967950759682
0.553,0.4900244341629565
0.554,0.4895569441386656
0.555,0.4890943219423881
0.556,0.488636564342537
0.557,0.4881836679370869
0.558,0.487735629154019
0.559,0.4872924442517762
0.56,0.4868541093197205
0.561,0.48642062027860067
0.562,0.48599197288102325
0.563,0.48556816271193326
0.564,0.485149185189096
0.565,0.4847350355635912
0.566,0.48432570892030957
0.567,0.4839212001784563
0.568,0.48352150409206146
0.569,0.4831266152504963
0.57,0.48273652807899514
0.571,0.4823512368391839
0.572,0.48197073562961534
0.573,0.4815950183863087
0.574,0.481224078883297
0.575,0.4808579107331792
0.576,0.48049650738768107
0.577,0.4801398621382157
0.578,0.47978796811645674
0.579,0.47944081829491425
0.58,0.4790984054875168
0.581,0.47876072235019984
0.582,0.47842776138149756
0.583,0.47809951492314506
0.584,0.47777597516068415
0.585,0.47745713412406954
0.586,0.47714298368828845
0.587,0.4768335155739851
0.588,0.47652872134808394
0.589,0.47622859242442556
0.59,0.475933120064406
0.591,0.47564229537761776
0.592,0.4753561093225033
0.593,0.4750745527070087
0.594,0.4747976161892426
0.595,0.4745252902781446
0.596,0.47425756533415336
0.597,0.4739944315698862
0.598,0.47373587905082
0.599,0.4734818976959745
0.6,0.47323247727860895
0.601,0.47298760742691626
0.602,0.47274727762472646
0.603,0.47251147721221265
0.604,0.47228019538660415
0.605,0.47205342120290317
0.606,0.47183114357460765
0.607,0.47161335127443704
0.608,0.4714000329350656
0.609,0.4711911770498565
0.61,0.47098677197360583
0.611,0.47078680592328903
0.612,0.47059126697880815
0.613,0.4704001430837502
0.614,0.4702134220461487
0.615,0.47003109153924416
0.616,0.4698531391022562
0.617,0.4696795521411583
0.618,0.46951031792945297
0.619,0.4693454236089559
0.62,0.4691848561905829
0.621,0.4690286025551437
0.622,0.4688766494541309
0.623,0.4687289835105295
0.624,0.46858559121961185
0.625,0.46844645894975157
0.626,0.4683115729432357
0.627,0.46818091931707756
0.628,0.4680544840638426
0.629,0.4679322530524689
0.63,0.4678142120290973
0.631,0.4677003466179051
0.632,0.4675906423219411
0.633,0.4674850845239652
0.634,0.46738365848729624
0.635,0.46728634935665386
0.636,0.4671931421590154
0.637,0.4671040218044701
0.638,0.4670189730870754
0.639,0.46693798068572345
0.64,0.4668610291650037
0.641,0.4667881029760737
0.642,0.46671918645753335
0.643,0.46665426383630015
0.644,0.4665933192284888
0.645,0.4665363366402945
0.646,0.46648329996888127
0.647,0.4664341930032701
0.648,0.466388999425231
0.649,0.4663477028101809
0.65,0.46631028662808194
0.651,0.4662767342443438
0.652,0.4662470289207307
0.653,0.46622115381626683
0.654,0.4661990919881482
0.655,0.4661808263926611
0.656,0.46616633988609146
0.657,0.4661556152256514
0.658,0.46614863507039894
0.659,0.46614538198216404
0.66,0.46614583842647495
0.661,0.46614998677349007
0.662,0.46615780929893225
0.663,0.46616928818502357
0.664,0.46618440552142215
0.665,0.46620314330616447
0.666,0.46622548344660786
0.667,0.46625140776037705
0.668,0.46628089797630906
0.669,0.4663139357354066
0.67,0.4663505025917886
0.671,0.4663905800136444
0.672,0.4664341493841911
0.673,0.4664811920026312
0.674,0.4665316890851142
0.675,0.4665856217656985
0.676,0.4666429710973178
0.677,0.4667037180527445
0.678,0.4667678435255599
0.679,0.4668353283311248
0.68,0.466906153207551
0.681,0.4669802988166749
0.682,0.46705774574503156
0.683,0.46713847450483403
0.684,0.4672224655349515
0.685,0.4673096992018849
0.686,0.4674001558007573
0.687,0.4674938155562881
0.688,0.46759065862378146
0.689,0.4676906650901131
0.69,0.46779381497471384
0.691,0.4679000882305627
0.692,0.46800946474517163
0.693,0.46812192434157873
0.694,0.4682374467793388
0.695,0.46835601175551944
0.696,0.4684775989056903
0.697,0.46860218780492136
0.698,0.46872975796877586
0.699,0.46886028885431263
0.7,0.46899375986107467
0.701,0.46913015033209654
0.702,0.46926943955489775
0.703,0.469411606762485
0.704,0.46955663113435303
0.705,0.4697044917974814
0.706,0.46985516782734316
0.707,0.4700086382489012
0.708,0.47016488203761386
0.709,0.47032387812043686
0.71,0.47048560537682615
0.711,0.4706500426397443
0.712,0.47081716869666146
0.713,0.47098696229056347
0.714,0.4711594021209505
0.715,0.47133446684484814
0.716,0.47151213507780776
0.717,0.4716923853949138
0.718,0.47187519633178787
0.719,0.47206054638559325
0.72,0.4722484140160395
0.721,0.4724387776463889
0.722,0.4726316156644583
0.723,0.4728269064236251
0.724,0.4730246282438314
0.725,0.4732247594125881
0.726,0.47342727818597485
0.727,0.4736321627896475
0.728,0.47383939141983894
0.729,0.47404894224436
0.73,0.47426079340360294
0.731,0.47447492301154126
0.732,0.47469130915673086
0.733,0.47490992990330905
0.734,0.4751307632919926
0.735,0.4753537873410796
0.736,0.4755789800474427
0.737,0.47580631938752793
0.738,0.4760357833183522
0.739,0.4762673497784928
0.74,0.4765009966890868
0.741,0.47673670195482065
0.742,0.4769744434649255
0.743,0.4772141990941605
0.744,0.47745594670381347
0.745,0.47769966414267845
0.746,0.4779453292480499
0.747,0.4781929198467054
0.748,0.47844241375589064
0.749,0.47869378878430585
0.75,0.47894702273308076
0.751,0.47920209339676123
0.752,0.47945897856428604
0.753,0.4797176560199648
0.754,0.47997810354445064
0.755,0.4802402989157193
0.756,0.4805042199100378
0.757,0.4807698443029376
0.758,0.48103714987018165
0.759,0.48130611438873416
0.76,0.48157671563772236
0.761,0.4818489313994046
0.762,0.4821227394601296
0.763,0.4823981176112958
0.764,0.4826750436503083
0.765,0.4829534953815404
0.766,0.4832334506172783
0.767,0.4835148871786811
0.768,0.4837977828967236
0.769,0.48408211561314796
0.77,0.48436786318140684
0.771,0.48465500346760615
0.772,0.48494351435144606
0.773,0.4852333737271578
0.774,0.4855245595044412
0.775,0.485817049609398
0.776,0.48611082198545763
0.777,0.4864058545943148
0.778,0.4867021254168445
0.779,0.48699961245403445
0.78,0.48729829372790023
0.781,0.4875981472824038
0.782,0.4878991511843712
0.783,0.4882012835244002
0.784,0.4885045224177754
0.785,0.4888088460053728
0.786,0.4891142324545592
0.787,0.48942065996010287
0.788,0.4897281067450643
0.789,0.49003655106169286
0.79,0.4903459711923189
0.791,0.4906563454502445
0.792,0.49096765218062993
0.793,0.4912798697613727
0.794,0.49159297660399226
0.795,0.4919069511545022
0.796,0.49222177189428773
0.797,0.4925374173409721
0.798,0.49285386604928705
0.799,0.4931710966119334
0.8,0.4934890876604425
0.801,0.4938078178660349
0.802,0.4941272659404686
0.803,0.49444741063689523
0.804,0.49476823075070153
0.805,0.49508970512035566
0.806,0.49541181262824285
0.807,0.4957345322015065
0.808,0.49605784281287446
0.809,0.49638172348149157
0.81,0.49670615327374246
0.811,0.4970311113040743
0.812,0.49735657673581063
0.813,0.49768252878196984
0.814,0.49800894670606977
0.815,0.49833580982293685
0.816,0.49866309749950855
0.817,0.498990789155628
0.818,0.49931886426483907
0.819,0.49964730235518107
0.82,0.4999760830099657
0.821,0.5003051858685689
0.822,0.5006345906272024
0.823,0.50096427703969
0.824,0.5012942249182363
0.825,0.5016244141341935
0.826,0.5019548246188195
0.827,0.5022854363640421
0.828,0.5026162294232042
0.829,0.5029471839118156
0.83,0.5032782800082981
0.831,0.5036094979547248
0.832,0.5039408180575566
0.833,0.5042722206883699
0.834,0.5046036862845888
0.835,0.5049351953502041
0.836,0.5052667284564909
0.837,0.5055982662427241
0.838,0.5059297894168867
0.839,0.5062612787563733
0.84,0.5065927151086904
0.841,0.5069240793921516
0.842,0.5072553525965687
0.843,0.5075865157839375
0.844,0.5079175500891169
0.845,0.5082484367205102
0.846,0.5085791569607321
0.847,0.508909692167278
0.848,0.509240023773188
0.849,0.5095701332877007
0.85,0.5099000022969086
0.851,0.5102296124644057
0.852,0.5105589455319294
0.853,0.5108879833200002
0.854,0.5112167077285534
0.855,0.51154510073757
0.856,0.5118731444076958
0.857,0.5122008208808639
0.858,0.5125281123809071
0.859,0.5128550012141653
0.86,0.5131814697700875
0.861,0.5135075005218341
0.862,0.5138330760268678
0.863,0.514158178927542
0.864,0.5144827919516833
0.865,0.5148068979131701
0.866,0.5151304797125063
0.867,0.5154535203373866
0.868,0.5157760028632605
0.869,0.5160979104538902
0.87,0.5164192263619003
0.871,0.5167399339293262
0.872,0.5170600165881565
0.873,0.5173794578608659
0.874,0.5176982413609499
0.875,0.5180163507934481
0.876,0.5183337699554648
0.877,0.5186504827366856
0.878,0.5189664731198833
0.879,0.5192817251814267
0.88,0.5195962230917768
0.881,0.5199099511159799
0.882,0.5202228936141575
0.883,0.5205350350419866
0.884,0.5208463599511797
0.885,0.5211568529899523
0.886,0.5214664989034947
0.887,0.5217752825344284
0.888,0.5220831888232625
0.889,0.5223902028088434
0.89,0.5226963096288
0.891,0.5230014945199808
0.892,0.5233057428188896
0.893,0.5236090399621088
0.894,0.5239113714867263
0.895,0.5242127230307476
0.896,0.5245130803335103
0.897,0.5248124292360864
0.898,0.5251107556816841
0.899,0.5254080457160404
0.9,0.5257042854878105
0.901,0.5259994612489487
0.902,0.5262935593550893
0.903,0.5265865662659135
0.904,0.5268784685455168
0.905,0.5271692528627733
0.906,0.5274589059916815
0.907,0.5277474148117216
0.908,0.5280347663081926
0.909,0.5283209475725539
0.91,0.5286059458027519
0.911,0.5288897483035536
0.912,0.5291723424868585
0.913,0.5294537158720181
0.914,0.5297338560861432
0.915,0.5300127508644071
0.916,0.5302903880503422
0.917,0.5305667555961331
0.918,0.5308418415629013
0.919,0.5311156341209848
0.92,0.5313881215502123
0.921,0.5316592922401733
0.922,0.53192913469048
0.923,0.5321976375110227
0.924,0.532464789422223
0.925,0.5327305792552799
0.926,0.5329949959524056
0.927,0.5332580285670643
0.928,0.5335196662641961
0.929,0.5337798983204411
0.93,0.5340387141243574
0.931,0.5342961031766295
0.932,0.5345520550902731
0.933,0.5348065595908371
0.934,0.5350596065165941
0.935,0.5353111858187285
0.936,0.5355612875615212
0.937,0.5358099019225204
0.938,0.5360570191927176
0.939,0.5363026297767075
0.94,0.5365467241928503
0.941,0.5367892930734217
0.942,0.5370303271647611
0.943,0.5372698173274149
0.944,0.5375077545362688
0.945,0.5377441298806807
0.946,0.5379789345646031
0.947,0.5382121599067027
0.948,0.538443797340471
0.949,0.538673838414333
0.95,0.5389022747917496
0.951,0.5391290982513072
0.952,0.5393543006868158
0.953,0.5395778741073876
0.954,0.5397998106375141
0.955,0.540020102517142
0.956,0.5402387421017395
0.957,0.5404557218623567
0.958,0.5406710343856803
0.959,0.5408846723740837
0.96,0.5410966286456733
0.961,0.5413068961343221
0.962,0.5415154678897095
0.963,0.5417223370773394
0.964,0.5419274969785699
0.965,0.542130940990624
0.966,0.5423326626266025
0.967,0.5425326555154861
0.968,0.5427309134021379
0.969,0.5429274301472908
0.97,0.5431221997275415
0.971,0.5433152162353293
0.972,0.543506473878913
0.973,0.5436959669823436
0.974,0.543883689985426
0.975,0.5440696374436838
0.976,0.5442538040283096
0.977,0.5444361845261158
0.978,0.5446167738394789
0.979,0.5447955669862743
0.98,0.5449725590998129
0.981,0.5451477454287617
0.982,0.5453211213370748
0.983,0.5454926823038999
0.984,0.5456624239234935
0.985,0.5458303419051278
0.986,0.5459964320729858
0.987,0.5461606903660602
0.988,0.5463231128380384
0.989,0.5464836956571906
0.99,0.5466424351062443
0.991,0.5467993275822602
0.992,0.546954369596498
0.993,0.5471075577742786
0.994,0.5472588888548449
0.995,0.5474083596912076
0.996,0.5475559672499962
0.997,0.547701708611303
0.998,0.5478455809685109
0.999,0.5479875816281323
1.0,0.548127708009631
1.001,0.5482659576452446
1.002,0.5484023281797988
1.003,0.5485368173705176
1.004,0.5486694230868321
1.005,0.5488001433101741
1.006,0.5489289761337788
1.007,0.5490559197624683
1.008,0.5491809725124432
1.009,0.5493041328110572
1.01,0.5494253991965923
1.011,0.549544770318035
1.012,0.5496622449348344
1.013,0.5497778219166664
1.014,0.5498915002431868
1.015,0.550003279003785
1.016,0.5501131573973244
1.017,0.5502211347318897
1.018,0.5503272104245172
1.019,0.5504313840009274
1.02,0.5505336550952535
1.021,0.5506340234497618
1.022,0.5507324889145648
1.023,0.5508290514473404
1.024,0.5509237111130314
1.025,0.551016468083557
1.026,0.5511073226375028
1.027,0.5511962751598174
1.028,0.5512833261415034
1.029,0.5513684761792983
1.03,0.5514517259753553
1.031,0.5515330763369207
1.032,0.5516125281759995
1.033,0.5516900825090282
1.034,0.5517657404565313
1.035,0.5518395032427802
1.036,0.5519113721954468
1.037,0.5519813487452505
1.038,0.552049434425605
1.039,0.5521156308722545
1.04,0.5521799398229135
1.041,0.5522423631168922
1.042,0.5523029026947306
1.043,0.5523615605978158
1.044,0.5524183389680015
1.045,0.5524732400472242
1.046,0.5525262661771131
1.047,0.5525774197985929
1.048,0.5526267034514909
1.049,0.5526741197741305
1.05,0.5527196715029281
1.051,0.5527633614719805
1.052,0.5528051926126533
1.053,0.5528451679531601
1.054,0.5528832906181421
1.055,0.5529195638282437
1.056,0.5529539908996779
1.057,0.5529865752437977
1.058,0.5530173203666573
1.059,0.553046229868567
1.06,0.5530733074436525
1.061,0.5530985568794062
1.062,0.5531219820562323
1.063,0.553143586946991
1.064,0.5531633756165417
1.065,0.5531813522212743
1.066,0.5531975210086456
1.067,0.5532118863167121
1.068,0.5532244525736487
1.069,0.5532352242972736
1.07,0.5532442060945704
1.071,0.5532514026612013
1.072,0.5532568187810181
1.073,0.5532604593255741
1.074,0.5532623292536247
1.075,0.553262433610634
1.076,0.5532607775282725
1.077,0.5532573662239102
1.078,0.5532522050001116
1.079,0.5532452992441244
1.08,0.5532366544273648
1.081,0.5532262761048985
1.082,0.5532141699149256
1.083,0.5532003415782513
1.084,0.5531847968977639
1.085,0.5531675417579042
1.086,0.5531485821241303
1.087,0.553127924042388
1.088,0.5531055736385674
1.089,0.5530815371179645
1.09,0.5530558207647371
1.091,0.5530284309413567
1.092,0.5529993740880605
1.093,0.5529686567222996
1.094,0.5529362854381816
1.095,0.5529022669059158
1.096,0.552866607871251
1.097,0.552829315154914
1.098,0.5527903956520426
1.099,0.552749856331619
1.1,0.5527077042358997
1.101,0.5526639464798404
1.102,0.552618590250521
1.103,0.5525716428065726
1.104,0.5525231114775875
1.105,0.5524730036635477
1.106,0.552421326834233
1.107,0.5523680885286334
1.108,0.5523132963543644
1.109,0.5522569579870714
1.11,0.5521990811698403
1.111,0.5521396737125952
1.112,0.5520787434915062
1.113,0.5520162984483873
1.114,0.5519523465900906
1.115,0.5518868959879104
1.116,0.5518199547769682
1.117,0.5517515311556108
1.118,0.5516816333847987
1.119,0.5516102697874911
1.12,0.5515374487480373
1.121,0.55146317871156
1.122,0.5513874681833332
1.123,0.5513103257281696
1.124,0.5512317599697972
1.125,0.5511517795902376
1.126,0.5510703933291798
1.127,0.5509876099833576
1.128,0.5509034384059215
1.129,0.5508178875058113
1.13,0.5507309662471221
1.131,0.5506426836484768
1.132,0.550553048782392
1.133,0.5504620707746417
1.134,0.550369758803626
1.135,0.550276122099729
1.136,0.5501811699446835
1.137,0.550084911670932
1.138,0.5499873566609822
1.139,0.5498885143467706
1.14,0.549788394209013
1.141,0.5496870057765672
1.142,0.5495843586257829
1.143,0.5494804623798561
1.144,0.5493753267081845
1.145,0.5492689613257151
1.146,0.549161375992299
1.147,0.549052580512039
1.148,0.5489425847326384
1.149,0.5488313985447519
1.15,0.5487190318813311
1.151,0.5486054947169688
1.152,0.5484907970672507
1.153,0.548374948988096
1.154,0.5482579605751035
1.155,0.548139841962896
1.156,0.5480206033244637
1.157,0.5479002548705056
1.158,0.547778806848775
1.159,0.5476562695434164
1.16,0.5475326532743146
1.161,0.5474079683964261
1.162,0.5472822252991287
1.163,0.5471554344055551
1.164,0.5470276061719369
1.165,0.5468987510869439
1.166,0.5467688796710218
1.167,0.5466380024757322
1.168,0.5465061300830939
1.169,0.5463732731049178
1.17,0.5462394421821497
1.171,0.5461046479842067
1.172,0.5459689012083162
1.173,0.5458322125788577
1.174,0.5456945928466961
1.175,0.5455560527885268
1.176,0.5454166032062087
1.177,0.5452762549261073
1.178,0.5451350187984346
1.179,0.5449929056965851
1.18,0.5448499265164763
1.181,0.5447060921758942
1.182,0.5445614136138255
1.183,0.5444159017898025
1.184,0.5442695676832463
1.185,0.5441224222928011
1.186,0.5439744766356855
1.187,0.5438257417470282
1.188,0.5436762286792121
1.189,0.5435259485012172
1.19,0.5433749122979681
1.191,0.543223131169676
1.192,0.5430706162311819
1.193,0.5429173786113068
1.194,0.5427634294521952
1.195,0.5426087799086632
1.196,0.5424534411475482
1.197,0.542297424347054
1.198,0.5421407406961044
1.199,0.5419834013936927
1.2,0.5418254176482314
1.201,0.5416668006769068
1.202,0.5415075617050309
1.203,0.5413477119653971
1.204,0.5411872626976347
1.205,0.5410262251475653
1.206,0.5408646105665595
1.207,0.5407024302108991
1.208,0.5405396953411321
1.209,0.5403764172214365
1.21,0.5402126071189814
1.211,0.5400482763032926
1.212,0.5398834360456135
1.213,0.5397180976182747
1.214,0.5395522722940589
1.215,0.5393859713455714
1.216,0.5392192060446079
1.217,0.5390519876615281
1.218,0.5388843274646287
1.219,0.5387162367195157
1.22,0.5385477266884835
1.221,0.538378808629888
1.222,0.5382094937975324
1.223,0.5380397934400394
1.224,0.5378697188002408
1.225,0.5376992811145571
1.226,0.5375284916123868
1.227,0.5373573615154887
1.228,0.5371859020373764
1.229,0.5370141243827062
1.23,0.5368420397466697
1.231,0.5366696593143895
1.232,0.5364969942603163
1.233,0.5363240557476244
1.234,0.5361508549276148
1.235,0.5359774029391146
1.236,0.5358037109078853
1.237,0.5356297899460252
1.238,0.5354556511513774
1.239,0.5352813056069431
1.24,0.5351067643802923
1.241,0.5349320385229765
1.242,0.5347571390699487
1.243,0.5345820770389784
1.244,0.534406863430077
1.245,0.5342315092249154
1.246,0.5340560253862537
1.247,0.5338804228573688
1.248,0.5337047125614798
1.249,0.5335289054011867
1.25,0.5333530122578987
1.251,0.5331770439912769
1.252,0.5330010114386692
1.253,0.5328249254145542
1.254,0.5326487967099849
1.255,0.5324726360920361
1.256,0.5322964543032531
1.257,0.5321202620611014
1.258,0.531944070057426
1.259,0.5317678889579024
1.26,0.5315917294015
1.261,0.5314156019999434
1.262,0.5312395173371744
1.263,0.5310634859688241
1.264,0.5308875184216775
1.265,0.5307116251931512
1.266,0.5305358167507663
1.267,0.5303601035316254
1.268,0.5301844959418966
1.269,0.5300090043562948
1.27,0.5298336391175693
1.271,0.5296584105359955
1.272,0.5294833288888612
1.273,0.5293084044199671
1.274,0.5291336473391242
1.275,0.5289590678216536
1.276,0.5287846760078887
1.277,0.5286104820026865
1.278,0.5284364958749352
1.279,0.5282627276570655
1.28,0.5280891873445688
1.281,0.5279158848955159
1.282,0.5277428302300803
1.283,0.5275700332300586
1.284,0.5273975037384042
1.285,0.5272252515587572
1.286,0.5270532864549763
1.287,0.5268816181506799
1.288,0.5267102563287853
1.289,0.5265392106310531
1.29,0.5263684906576365
1.291,0.5261981059666252
1.292,0.5260280660736096
1.293,0.5258583804512282
1.294,0.5256890585287349
1.295,0.5255201096915582
1.296,0.5253515432808706
1.297,0.525183368593158
1.298,0.5250155948797939
1.299,0.5248482313466178
1.3,0.524681287153511
1.301,0.5245147714139873
1.302,0.5243486931947755
1.303,0.5241830615154106
1.304,0.5240178853478307
1.305,0.5238531736159717
1.306,0.5236889351953709
1.307,0.5235251789127691
1.308,0.523361913545721
1.309,0.5231991478222074
1.31,0.5230368904202493
1.311,0.5228751499675237
1.312,0.5227139350409917
1.313,0.5225532541665221
1.314,0.5223931158185202
1.315,0.5222335284195603
1.316,0.5220745003400267
1.317,0.5219160398977485
1.318,0.5217581553576485
1.319,0.5216008549313877
1.32,0.5214441467770186
1.321,0.5212880389986407
1.322,0.5211325396460567
1.323,0.520977656714438
1.324,0.52082339814399
1.325,0.5206697718196214
1.326,0.5205167855706179
1.327,0.5203644471703214
1.328,0.5202127643358094
1.329,0.5200617447275806
1.33,0.5199113959492446
1.331,0.5197617255472138
1.332,0.5196127410103986
1.333,0.5194644497699084
1.334,0.5193168591987596
1.335,0.5191699766115758
1.336,0.5190238092643054
1.337,0.5188783643539359
1.338,0.5187336490182113
1.339,0.5185896703353585
1.34,0.5184464353238114
1.341,0.518303950941944
1.342,0.5181622240878048
1.343,0.5180212615988556
1.344,0.5178810702517125
1.345,0.5177416567618963
1.346,0.517603027783579
1.347,0.5174651899093405
1.348,0.5173281496699267
1.349,0.5171919135340106
1.35,0.517056487907961
1.351,0.5169218791356097
1.352,0.5167880934980276
1.353,0.5166551372133026
1.354,0.5165230164363197
1.355,0.51639173725855
1.356,0.5162613057078376
1.357,0.5161317277481978
1.358,0.5160030092796083
1.359,0.5158751561378175
1.36,0.5157481740941467
1.361,0.5156220688553023
1.362,0.5154968460631862
1.363,0.5153725112947181
1.364,0.5152490700616521
1.365,0.5151265278104078
1.366,0.5150048899218946
1.367,0.514884161711352
1.368,0.5147643484281812
1.369,0.5146454552557891
1.37,0.5145274873114358
1.371,0.5144104496460815
1.372,0.5142943472442429
1.373,0.5141791850238494
1.374,0.5140649678361033
1.375,0.5139517004653508
1.376,0.5138393876289462
1.377,0.5137280339771285
1.378,0.5136176440928971
1.379,0.5135082224918983
1.38,0.5133997736223057
1.381,0.513292301864712
1.382,0.513185811532023
1.383,0.5130803068693575
1.384,0.5129757920539445
1.385,0.5128722711950311
1.386,0.5127697483337954
1.387,0.5126682274432544
1.388,0.5125677124281863
1.389,0.5124682071250506
1.39,0.5123697153019133
1.391,0.5122722406583776
1.392,0.5121757868255167
1.393,0.5120803573658126
1.394,0.5119859557730957
1.395,0.5118925854724934
1.396,0.5118002498203756
1.397,0.5117089521043121
1.398,0.5116186955430267
1.399,0.5115294832863624
1.4,0.5114413184152413
1.401,0.5113542039416392
1.402,0.5112681428085566
1.403,0.5111831378899937
1.404,0.5110991919909351
1.405,0.5110163078473324
1.406,0.5109344881260928
1.407,0.5108537354250735
1.408,0.5107740522730781
1.409,0.5106954411298541
1.41,0.5106179043861006
1.411,0.5105414443634757
1.412,0.5104660633146079
1.413,0.5103917634231123
1.414,0.5103185468036106
1.415,0.510246415501755
1.416,0.5101753714942543
1.417,0.5101054166889067
1.418,0.5100365529246347
1.419,0.5099687819715226
1.42,0.5099021055308606
1.421,0.5098365252351913
1.422,0.5097720426483587
1.423,0.5097086592655643
1.424,0.5096463765134206
1.425,0.5095851957500201
1.426,0.5095251182649914
1.427,0.5094661452795755
1.428,0.5094082779466953
1.429,0.5093515173510321
1.43,0.5092958645091057
1.431,0.5092413203693595
1.432,0.5091878858122454
1.433,0.509135561650319
1.434,0.5090843486283303
1.435,0.5090342474233212
1.436,0.5089852586447341
1.437,0.5089373828345112
1.438,0.5088906204672068
1.439,0.5088449719500958
1.44,0.5088004376232993
1.441,0.5087570177598935
1.442,0.5087147125660403
1.443,0.5086735221811132
1.444,0.508633446677826
1.445,0.508594486062368
1.446,0.5085566402745413
1.447,0.5085199091879034
1.448,0.5084842926099076
1.449,0.5084497902820568
1.45,0.50841640188005
1.451,0.5083841270139386
1.452,0.5083529652282861
1.453,0.5083229160023273
1.454,0.5082939787501362
1.455,0.50826615282079
1.456,0.5082394374985468
1.457,0.5082138320030152
1.458,0.5081893354893354
1.459,0.5081659470483595
1.46,0.5081436657068392
1.461,0.5081224904276105
1.462,0.5081024201097872
1.463,0.5080834535889547
1.464,0.5080655896373698
1.465,0.5080488269641588
1.466,0.5080331642155236
1.467,0.5080185999749514
1.468,0.5080051327634196
1.469,0.5079927610396157
1.47,0.5079814832001492
1.471,0.5079712975797759
1.472,0.5079622024516175
1.473,0.5079541960273911
1.474,0.5079472764576346
1.475,0.5079414418319408
1.476,0.5079366901791946
1.477,0.5079330194678071
1.478,0.5079304276059611
1.479,0.5079289124418507
1.48,0.5079284717639334
1.481,0.507929103301175
1.482,0.5079308047233071
1.483,0.5079335736410804
1.484,0.507937407606523
1.485,0.507942304113203
1.486,0.5079482605964925
1.487,0.5079552744338349
1.488,0.5079633429450143
1.489,0.5079724633924286
1.49,0.5079826329813639
1.491,0.5079938488602735
1.492,0.5080061081210603
1.493,0.5080194077993557
1.494,0.5080337448748112
1.495,0.5080491162713837
1.496,0.5080655188576269
1.497,0.5080829494469861
1.498,0.5081014047980973
1.499,0.5081208816150808
1.5,0.508141376547848
1.501,0.5081628861924028
1.502,0.5081854070911487
1.503,0.508208935733199
1.504,0.508233468554686
1.505,0.508259001939079
1.506,0.5082855322174964
1.507,0.5083130556690277
1.508,0.5083415685210517
1.509,0.5083710669495631
1.51,0.5084015470794965
1.511,0.5084330049850558
1.512,0.5084654366900425
1.513,0.5084988381681894
1.514,0.5085332053434954
1.515,0.5085685340905646
1.516,0.5086048202349418
1.517,0.5086420595534562
1.518,0.5086802477745649
1.519,0.5087193805786979
1.52,0.508759453598606
1.521,0.5088004624197109
1.522,0.5088424025804572
1.523,0.5088852695726651
1.524,0.5089290588418871
1.525,0.5089737657877673
1.526,0.5090193857643985
1.527,0.5090659140806848
1.528,0.5091133460007058
1.529,0.5091616767440832
1.53,0.5092109014863455
1.531,0.5092610153592982
1.532,0.5093120134513972
1.533,0.5093638908081175
1.534,0.5094166424323299
1.535,0.5094702632846773
1.536,0.5095247482839533
1.537,0.5095800923074816
1.538,0.5096362901914941
1.539,0.5096933367315194
1.54,0.5097512266827635
1.541,0.5098099547604957
1.542,0.5098695156404411
1.543,0.5099299039591642
1.544,0.5099911143144618
1.545,0.5100531412657571
1.546,0.5101159793344903
1.547,0.5101796230045168
1.548,0.5102440667225017
1.549,0.5103093048983188
1.55,0.5103753319054496
1.551,0.5104421420813849
1.552,0.5105097297280259
1.553,0.5105780891120874
1.554,0.5106472144655038
1.555,0.5107170999858319
1.556,0.5107877398366631
1.557,0.5108591281480279
1.558,0.510931259016804
1.559,0.511004126507133
1.56,0.5110777246508229
1.561,0.5111520474477721
1.562,0.5112270888663732
1.563,0.5113028428439343
1.564,0.5113793032870912
1.565,0.5114564640722267
1.566,0.5115343190458885
1.567,0.5116128620252067
1.568,0.511692086798313
1.569,0.5117719871247639
1.57,0.5118525567359606
1.571,0.5119337893355711
1.572,0.5120156785999557
1.573,0.5120982181785856
1.574,0.5121814016944758
1.575,0.5122652227446025
1.576,0.5123496749003345
1.577,0.5124347517078587
1.578,0.5125204466886046
1.579,0.5126067533396813
1.58,0.5126936651342935
1.581,0.5127811755221829
1.582,0.5128692779300505
1.583,0.5129579657619909
1.584,0.5130472323999209
1.585,0.5131370712040138
1.586,0.5132274755131283
1.587,0.5133184386452438
1.588,0.5134099538978916
1.589,0.5135020145485876
1.59,0.5135946138552676
1.591,0.5136877450567205
1.592,0.5137814013730218
1.593,0.5138755760059686
1.594,0.5139702621395157
1.595,0.5140654529402088
1.596,0.5141611415576204
1.597,0.5142573211247842
1.598,0.5143539847586351
1.599,0.514451125560438
1.6,0.5145487366162287
1.601,0.5146468109972488
1.602,0.5147453417603818
1.603,0.5148443219485863
1.604,0.5149437445913365
1.605,0.5150436027050566
1.606,0.5151438892935547
1.607,0.5152445973484612
1.608,0.515345719849664
1.609,0.5154472497657446
1.61,0.5155491800544113
1.611,0.5156515036629411
1.612,0.5157542135286044
1.613,0.5158573025791123
1.614,0.515960763733041
1.615,0.5160645899002732
1.616,0.5161687739824286
1.617,0.5162733088733007
1.618,0.5163781874592883
1.619,0.5164834026198298
1.62,0.5165889472278354
1.621,0.5166948141501215
1.622,0.5168009962478409
1.623,0.5169074863769152
1.624,0.5170142773884667
1.625,0.5171213621292468
1.626,0.51722873344207
1.627,0.5173363841662396
1.628,0.5174443071379795
1.629,0.5175524951908632
1.63,0.5176609411562364
1.631,0.5177696378636527
1.632,0.5178785781412925
1.633,0.5179877548163931
1.634,0.5180971607156744
1.635,0.5182067886657605
1.636,0.5183166314936041
1.637,0.5184266820269126
1.638,0.5185369330945648
1.639,0.5186473775270397
1.64,0.5187580081568273
1.641,0.5188688178188592
1.642,0.5189797993509173
1.643,0.5190909455940595
1.644,0.5192022493930308
1.645,0.5193137035966837
1.646,0.5194253010583898
1.647,0.5195370346364561
1.648,0.5196488971945368
1.649,0.5197608816020465
1.65,0.5198729807345684
1.651,0.5199851874742684
1.652,0.5200974947102978
1.653,0.5202098953392076
1.654,0.5203223822653505
1.655,0.5204349484012865
1.656,0.5205475866681886
1.657,0.520660289996244
1.658,0.5207730513250584
1.659,0.5208858636040519
1.66,0.5209987197928619
1.661,0.5211116128617409
1.662,0.5212245357919487
1.663,0.5213374815761534
1.664,0.5214504432188202
1.665,0.5215634137366069
1.666,0.5216763861587543
1.667,0.5217893535274745
1.668,0.5219023088983406
1.669,0.522015245340673
1.67,0.5221281559379234
1.671,0.522241033788059
1.672,0.5223538720039491
1.673,0.5224666637137366
1.674,0.5225794020612269
1.675,0.5226920802062569
1.676,0.5228046913250786
1.677,0.5229172286107293
1.678,0.5230296852734022
1.679,0.5231420545408236
1.68,0.5232543296586174
1.681,0.5233665038906734
1.682,0.5234785705195156
1.683,0.5235905228466653
1.684,0.5237023541930041
1.685,0.5238140578991317
1.686,0.5239256273257289
1.687,0.5240370558539134
1.688,0.5241483368855951
1.689,0.5242594638438303
1.69,0.5243704301731713
1.691,0.5244812293400194
1.692,0.5245918548329709
1.693,0.5247023001631639
1.694,0.5248125588646221
1.695,0.524922624494597
1.696,0.5250324906339114
1.697,0.5251421508872905
1.698,0.5252515988837065
1.699,0.5253608282767068
1.7,0.5254698327447515
1.701,0.5255786059915388
1.702,0.525687141746336
1.703,0.5257954337643087
1.704,0.5259034758268374
1.705,0.5260112617418464
1.706,0.5261187853441216
1.707,0.526226040495628
1.708,0.5263330210858252
1.709,0.5264397210319829
1.71,0.5265461342794893
1.711,0.5266522548021633
1.712,0.5267580766025606
1.713,0.5268635937122784
1.714,0.5269688001922579
1.715,0.5270736901330852
1.716,0.527178257655289
1.717,0.5272824969096381
1.718,0.5273864020774314
1.719,0.5274899673707949
1.72,0.5275931870329658
1.721,0.5276960553385812
1.722,0.5277985665939635
1.723,0.5279007151374018
1.724,0.5280024953394288
1.725,0.5281039016031052
1.726,0.5282049283642869
1.727,0.528305570091903
1.728,0.5284058212882239
1.729,0.5285056764891297
1.73,0.5286051302643757
1.731,0.5287041772178538
1.732,0.5288028119878584
1.733,0.5289010292473362
1.734,0.5289988237041485
1.735,0.5290961901013227
1.736,0.5291931232173016
1.737,0.5292896178661926
1.738,0.5293856688980145
1.739,0.529481271198938
1.74,0.5295764196915278
1.741,0.5296711093349831
1.742,0.5297653351253687
1.743,0.529859092095851
1.744,0.5299523753169297
1.745,0.5300451798966584
1.746,0.5301375009808802
1.747,0.5302293337534449
1.748,0.530320673436427
1.749,0.530411515290349
1.75,0.5305018546143901
1.751,0.5305916867466047
1.752,0.530681007064127
1.753,0.530769810983379
1.754,0.5308580939602779
1.755,0.5309458514904357
1.756,0.5310330791093562
1.757,0.5311197723926342
1.758,0.5312059269561502
1.759,0.5312915384562547
1.76,0.5313766025899677
1.761,0.5314611150951538
1.762,0.5315450717507095
1.763,0.5316284683767454
1.764,0.5317113008347589
1.765,0.5317935650278137
1.766,0.5318752569007066
1.767,0.5319563724401447
1.768,0.5320369076749036
1.769,0.5321168586759946
1.77,0.5321962215568279
1.771,0.5322749924733678
1.772,0.5323531676242892
1.773,0.5324307432511319
1.774,0.5325077156384478
1.775,0.5325840811139508
1.776,0.5326598360486587
1.777,0.5327349768570386
1.778,0.5328094999971422
1.779,0.5328834019707444
1.78,0.532956679323473
1.781,0.5330293286449451
1.782,0.5331013465688894
1.783,0.5331727297732747
1.784,0.5332434749804289
1.785,0.5333135789571621
1.786,0.53338303851488
1.787,0.5334518505096982
1.788,0.5335200118425553
1.789,0.5335875194593179
1.79,0.5336543703508881
1.791,0.5337205615533052
1.792,0.5337860901478445
1.793,0.5338509532611165
1.794,0.5339151480651578
1.795,0.5339786717775243
1.796,0.5340415216613787
1.797,0.5341036950255789
1.798,0.5341651892247541
1.799,0.5342260016593917
1.8,0.5342861297759105
1.801,0.5343455710667353
1.802,0.5344043230703706
1.803,0.5344623833714655
1.804,0.5345197496008821
1.805,0.5345764194357588
1.806,0.5346323905995671
1.807,0.5346876608621722
1.808,0.534742228039887
1.809,0.5347960899955222
1.81,0.5348492446384354
1.811,0.5349016899245799
1.812,0.5349534238565428
1.813,0.5350044444835913
1.814,0.535054749901704
1.815,0.5351043382536118
1.816,0.5351532077288251
1.817,0.5352013565636657
1.818,0.5352487830412904
1.819,0.5352954854917196
1.82,0.5353414622918515
1.821,0.5353867118654858
1.822,0.5354312326833348
1.823,0.5354750232630376
1.824,0.5355180821691707
1.825,0.5355604080132528
1.826,0.53560199945375
1.827,0.5356428551960739
1.828,0.5356829739925881
1.829,0.5357223546425948
1.83,0.5357609959923337
1.831,0.5357988969349687
1.832,0.5358360564105789
1.833,0.5358724734061395
1.834,0.5359081469555068
1.835,0.5359430761393982
1.836,0.5359772600853627
1.837,0.5360106979677626
1.838,0.5360433890077392
1.839,0.5360753324731845
1.84,0.5361065276787034
1.841,0.5361369739855804
1.842,0.5361666708017376
1.843,0.536195617581694
1.844,0.536223813826517
1.845,0.536251259083778
1.846,0.5362779529475028
1.847,0.5363038950581158
1.848,0.536329085102384
1.849,0.5363535228133613
1.85,0.5363772079703268
1.851,0.5364001403987182
1.852,0.5364223199700712
1.853,0.5364437466019446
1.854,0.5364644202578537
1.855,0.5364843409471927
1.856,0.5365035087251621
1.857,0.5365219236926824
1.858,0.536539585996322
1.859,0.5365564958282061
1.86,0.5365726534259292
1.861,0.5365880590724723
1.862,0.5366027130961024
1.863,0.5366166158702849
1.864,0.5366297678135818
1.865,0.5366421693895584
1.866,0.5366538211066714
1.867,0.5366647235181745
1.868,0.5366748772220045
1.869,0.536684282860677
1.87,0.5366929411211705
1.871,0.5367008527348119
1.872,0.5367080184771635
1.873,0.5367144391679014
1.874,0.5367201156706931
1.875,0.5367250488930739
1.876,0.5367292397863221
1.877,0.536732689345329
1.878,0.5367353986084669
1.879,0.5367373686574561
1.88,0.5367386006172306
1.881,0.5367390956557961
1.882,0.5367388549840959
1.883,0.5367378798558591
1.884,0.5367361715674636
1.885,0.5367337314577829
1.886,0.5367305609080415
1.887,0.5367266613416578
1.888,0.5367220342240937
1.889,0.5367166810626949
1.89,0.5367106034065344
1.891,0.5367038028462509
1.892,0.5366962810138862
1.893,0.536688039582718
1.894,0.5366790802670942
1.895,0.5366694048222634
1.896,0.5366590150442008
1.897,0.5366479127694362
1.898,0.5366360998748771
1.899,0.5366235782776314
1.9,0.5366103499348265
1.901,0.5365964168434246
1.902,0.5365817810400424
1.903,0.5365664446007619
1.904,0.5365504096409421
1.905,0.5365336783150292
1.906,0.5365162528163631
1.907,0.5364981353769821
1.908,0.5364793282674294
1.909,0.5364598337965516
1.91,0.536439654311297
1.911,0.5364187921965186
1.912,0.536397249874762
1.913,0.536375029806067
1.914,0.5363521344877535
1.915,0.5363285664542139
1.916,0.5363043282767006
1.917,0.5362794225631117
1.918,0.5362538519577777
1.919,0.5362276191412403
1.92,0.536200726830036
1.921,0.5361731777764724
1.922,0.5361449747684084
1.923,0.53611612062903
1.924,0.5360866182166169
1.925,0.5360564704243236
1.926,0.5360256801799459
1.927,0.5359942504456848
1.928,0.5359621842179214
1.929,0.5359294845269773
1.93,0.5358961544368785
1.931,0.5358621970451174
1.932,0.5358276154824136
1.933,0.5357924129124745
1.934,0.5357565925317463
1.935,0.5357201575691763
1.936,0.5356831112859636
1.937,0.5356454569753103
1.938,0.5356071979621766
1.939,0.5355683376030252
1.94,0.5355288792855736
1.941,0.5354888264285367
1.942,0.5354481824813755
1.943,0.535406950924038
1.944,0.5353651352667033
1.945,0.5353227390495194
1.946,0.5352797658423472
1.947,0.5352362192444928
1.948,0.5351921028844511
1.949,0.5351474204196345
1.95,0.5351021755361098
1.951,0.5350563719483341
1.952,0.5350100133988778
1.953,0.5349631036581657
1.954,0.5349156465241978
1.955,0.5348676458222792
1.956,0.5348191054047494
1.957,0.5347700291507032
1.958,0.5347204209657186
1.959,0.5346702847815784
1.96,0.5346196245559913
1.961,0.5345684442723153
1.962,0.5345167479392736
1.963,0.5344645395906775
1.964,0.5344118232851401
1.965,0.534358603105796
1.966,0.5343048831600141
1.967,0.5342506675791143
1.968,0.5341959605180802
1.969,0.5341407661552712
1.97,0.5340850886921341
1.971,0.5340289323529148
1.972,0.5339723013843679
1.973,0.5339152000554632
1.974,0.5338576326570978
1.975,0.5337996035017991
1.976,0.5337411169234338
1.977,0.5336821772769134
1.978,0.5336227889378943
1.979,0.5335629563024908
1.98,0.5335026837869682
1.981,0.5334419758274509
1.982,0.5333808368796247
1.983,0.533319271418433
1.984,0.5332572839377818
1.985,0.5331948789502354
1.986,0.533132060986719
1.987,0.5330688345962145
1.988,0.5330052043454581
1.989,0.5329411748186383
1.99,0.5328767506170924
1.991,0.532811936359002
1.992,0.5327467366790877
1.993,0.5326811562283044
1.994,0.5326151996735384
1.995,0.5325488716972946
1.996,0.5324821769973966
1.997,0.5324151202866781
1.998,0.5323477062926698
1.999,0.5322799397572997
2.0,0.5322118254365802
